Uckfield,Uckfield
Crowborough,Crowborough
Hassocks,Hassocks
HailshamBranch,Hailsham
DirectSales,Direct Sales
TonbridgeBranch,Tonbridge
EastGrinstead,East Grinstead
Eastbourne,Eastbourne
HailshamJoinery,Joinery
HaywardsHeath,Haywards Heath
HailshamKitchens,Hailsham Kitchens
ParkerSeaford,Seaford
HailshamPlumbing,Hailsham Plumbing
SeafordPlumming,Seaford Plumbing
Bexhill-on-Sea,Bexhill
Faversham,Faversham
HastingsSussex,Hastings
Maidstone,Maidstone
Angmering,Angmering
ArchitecturalIronmongery,Ironmongery
MadistonePlumbing,Maidstone Plumbing
NewahavenParkerBS,Newhaven
AngmeringPlumbing,Angmering Plumbing
BexhillPlumbingSupplies,Bexhill Plumbing
